{
    "Seoul": [37.532600, 127.024612],
    "Tokyo": [35.652832, 139.839478],
    "Sydney": [-33.865143, 151.209900],
    "Singapore": [1.282302, 103.858528],
    "New York": [40.730610, -73.935242]
}